-- phpMyAdmin SQL Dump
-- version 4.8.5
-- https://www.phpmyadmin.net/
--
-- Host: localhost:8889
-- Generation Time: Sep 17, 2020 at 10:15 AM
-- Server version: 5.7.25
-- PHP Version: 7.3.1

SET SQL_MODE = "NO_AUTO_VALUE_ON_ZERO";
SET time_zone = "+00:00";


/*!40101 SET @OLD_CHARACTER_SET_CLIENT=@@CHARACTER_SET_CLIENT */;
/*!40101 SET @OLD_CHARACTER_SET_RESULTS=@@CHARACTER_SET_RESULTS */;
/*!40101 SET @OLD_COLLATION_CONNECTION=@@COLLATION_CONNECTION */;
/*!40101 SET NAMES utf8mb4 */;

--
-- Database: `school`
--

-- --------------------------------------------------------

--
-- Table structure for table `classe`
--

CREATE TABLE `classe` (
  `nom` varchar(110) NOT NULL,
  `id` int(11) NOT NULL
) ENGINE=InnoDB DEFAULT CHARSET=utf8;

--
-- Dumping data for table `classe`
--

INSERT INTO `classe` (`nom`, `id`) VALUES
('3e', 19),
('2e', 20),
('3e', 21),
('3e', 22),
('3e', 23),
('dddd fffffbb', 24),
('dddd fffffvv', 25),
('dddd fffffaa', 26);

-- --------------------------------------------------------

--
-- Table structure for table `etudiant`
--

CREATE TABLE `etudiant` (
  `CIN` varchar(11) NOT NULL,
  `nom` varchar(100) NOT NULL,
  `prenom` varchar(100) NOT NULL,
  `codePostal` int(11) NOT NULL,
  `villeN` varchar(100) NOT NULL,
  `mail` varchar(100) NOT NULL,
  `tel` int(11) NOT NULL,
  `dateN` date NOT NULL,
  `anneeS` date NOT NULL,
  `classe` int(100) NOT NULL,
  `adresse` varchar(100) NOT NULL,
  `sexe` varchar(100) NOT NULL,
  `image` longblob NOT NULL
) ENGINE=InnoDB DEFAULT CHARSET=utf8mb4;

--
-- Dumping data for table `etudiant`
--

INSERT INTO `etudiant` (`CIN`, `nom`, `prenom`, `codePostal`, `villeN`, `mail`, `tel`, `dateN`, `anneeS`, `classe`, `adresse`, `sexe`, `image`) VALUES
('234ERF', 'halouiI', 'ahmedD ', 111111, ' dd ', 'fff@gmaill.com', 78999, '2020-09-10', '2020-09-18', 19, ' ezaefde', ' fille ', 0xffd8ffe2021c4943435f50524f46494c450001010000020c6c636d73021000006d6e74725247422058595a2007dc00010019000300290039616373704150504c0000000000000000000000000000000000000000000000000000f6d6000100000000d32d6c636d7300000000000000000000000000000000000000000000000000000000000000000000000000000000000000000000000a64657363000000fc0000005e637072740000015c0000000b777470740000016800000014626b70740000017c000000147258595a00000190000000146758595a000001a4000000146258595a000001b80000001472545243000001cc0000004067545243000001cc0000004062545243000001cc0000004064657363000000000000000363320000000000000000000000000000000000000000000000000000000000000000000000000000000000000000000000000000000000000000000000000000000000000000000000000000000000000000000074657874000000004642000058595a20000000000000f6d6000100000000d32d58595a20000000000000031600000333000002a458595a200000000000006fa2000038f50000039058595a2000000000000062990000b785000018da58595a2000000000000024a000000f840000b6cf63757276000000000000001a000000cb01c903630592086b0bf6103f15511b3421f1299032183b92460551775ded6b707a0589b19a7cac69bf7dd3c3e930ffffffe000104a46494600010100004800480000ffed003650686f746f73686f7020332e30003842494d04040000000000191c0267001430396d34635f3266596d756d4f5f30544761332d00ffdb0043000707070707070c07070c110c0c0c111711111111171e17171717171e241e1e1e1e1e1e24242424242424242b2b2b2b2b2b323232323238383838383838383838ffdb0043010909090e0d0e190d0d193b2821283b3b3b3b3b3b3b3b3b3b3b3b3b3b3b3b3b3b3b3b3b3b3b3b3b3b3b3b3b3b3b3b3b3b3b3b3b3b3b3b3b3b3b3b3b3b3b3b3b3bffc200110803be03c003012200021101031101ffc4001b00010101010003010000000000000000000001020304050607ffc400190101010101010100000000000000000000000102030405ffda000c03010002100310000001f6f65f97f46dcd5d5cd8d252a58b6135734b652eb34de75eb353e2bd1f95e27b7cb9875e7af27c4de75f61e93c0f75c7bfdbfb3f4fee3c7d53512000001600040416a0b0021658a1144b669000004a228ccd45858cb4336aa2c0a32b1404b02164144045a82c9410b234088b2a4d640267432104390d4d096d94a0a5859450d596cb66a35e9bdcfcdee7c2f8fdb87bbc991be76cb2f4f73e9bde72effa1797e1f99e2ec95240a025800962929258a000445816e51b66a5669ab81bb849b606d856ee06d81a6516e46991a64541521a90a96108a962c596c040a0842d80255891a914850114986a126a1c6cb7352adb29445aa2ca2cd0b29759d26bd77b1f0b53f2ff0017ccf0fe8793235cea53a7baf4bf41cbb7df795f1be678fd1f45db877e64b00a596492ad808152c2052212c5588a82800a8928022a2ad95000000201116a0b0085012ca816052000a2023508a22893508aa92ca024d43c71716cab6ca54a5d66c5296ca5b29759d25f13caf0ebf31f0fcbf13e8f8f32b5ca585e9d786b3af6df6bf9f7bbf3fa3f43dfccfd1797af5848cdf56bed5cbad8020412a209628402cb6a66ec996d186c61b261d29c9d472bd6a737495c9a4b99b8b16114451968b99a196865a865a8b269599a92e5a565a840a0085800a4042100944b432712dca85b28b2941ab28d4b14a5b297c4f2fc6b3f2ef0fcff0003e8f8f04d7359a1ac6cebf47f35eff87a3f47df83e778bb2399af8df79f13b7d4fd27c0fdee6ec6625849a96a59104b144d669ab2a6ae6b3a122cd42adc96a65b565699cf5871752f1cf9199783a46b1345ca84b0100510144b0cac54b144a4b16054b0216c90a400044ad5cd1267593959759b622d955652946a52d96283573a4be0f9be159f99787e5f89f47c59966f9a85b12f6faff8ef73c7bfe8fe4fc47d7f8bd19f5bd7e1f73c9e1ebafa397b2fd1bf32fd27cfd7ca1c425258a96104a0422db2a2c1d1849d2f3a9b612747357572a74bc89db5c2a76d70d27599897332d5cd8d012592a5968044116d6410a049628105aceb202c509465a8402554412595cc5c5b2aaca528b345116c1ab28b28f53edbe6779f88f1bb70fa1e045d6442965d797e2797cfafdb7d5fca7d578bd3eaff0034fd13f38ed8e7737bf1f3bf48fccbeffcddfdf97cd64b1605129054b01600822d8282dcd4a964596ad9a45dd65a7673e33c889e367cbcb5e2ced1ae33b666b9ce92dc4eb0e4e85e6dc319dc6b36c2416c82e514165812ad80582a524d432b04b09359a92cac16e5651652d9450b652a58b655a11f23f5bf25d71f19cbaf2f7f860b99652d956f93e376c74fd1fdafcb7aaf2fa1e87caf13b71972de7c8fb6f85f75c7b7e997c3f2fc7d12e612c55822c5429622a008a0596165b1485546b3a4d6b1ab9d76e1667c9d78fb73e8c065869862ef59999ad492d44950b61150952c22cb52c04b40058b0442dc8d322c4082c8a92cac97592a16516534050a23494545cfc57d9fc0f5e7e839f4e7eff0c9a5cc2aca175966f998e1bcf4f33c2fa1f4135826f9f4f33c2f239f4fd27dc7cbfd3f83d0966645cad42a5858000401442ca2aa4d4a96cd22ab2d34934d5ce5b498ba959cee4bce6e3589acdd64b2e26a2c0b33bcae428840b096800a163364b02a59608a22100690873dfc7f99db97d2df5183dd3e6f52fd23c2f331addc534cc8e971a34962c167c4fdb7c575e7f279d67dfe18100594945bd78d97ed7e45ca6d16e6f6e1d33afa8fbafcc3f41f1fa7d94b9e16cb08450816a00200a58511651ace92d6996a6d96ef4b8ceb5ab8c36d4c4e83867be31ae39eb96f94de66b19dc6b13796a4b95b9b092c69289359592cb45225592c008150a4b124a2010d12c3f2d9edbc7f778fc6e7ee7c3b3c0efe2acfa6eff2fae7d3f41e7f13e573dfd4759edf8f59d65968828cfc7fd87cdf4c7c1e3af2f7f860b900294805edcfa739485d6f9ea5f37ef7f3ff00baf2fa3e911e5da0a9441022d81528096c45b2a289759d26acd33ade7adc6b6deb936d7d0c4a769151cf1db1e5d71e7df978fa71cf4c67a633bcb59ceb2d4ceb2d258b0108a82c2281296b3ac8040a960099b654961068961e83d2f99e37abcfe8f97b2c75e5e267ef378e9f9f797ee3ca3d37bbf6dd78f6d7999f5b8d7b9d66e5a00493e6be93e5fa67e2b974e5eff086b200a4a4ab054aa11ab135e47d67c87b6e1dbf4c9e2f95e2ec10b1410962ac160282c26ae752359a9759d26b78db3d3b72ed796fa63a7bb951eac80025472e5db9fcedf8f8e9cf876ce6e5b99b1a92c592c699b16058412c50a116c400445b004444ab0a8092cafcf7c2fadebebf3fc4ebebbd36a791f5df03f69cba7b0f9cf65edb1bf47ee3a58e3f35ed7e2b78fb7d7c77b197ed35ebfcdc6f724cc7c67d9fc775c7c96358f6f88359000a965965005965b659ae9e5789e4f3e9f7deefd0fbef07a68cc0062dcefe4be8eebcb4b9c80a42c25b9a6ac26acacef7cf6cf5efe3f772edbe5d7e8f1a3d100004271e9cbc1be5cb7cfcbdb39b97499b99a44b5196aa4512ac894022d8010114144b0811284442903e4bcef90f67edf2fdaf4f94f65cfaf8af77f1773eebea3e0b72fdd781f1de1d9ed3d0671db876f63ea3a47db7b0f8273ebf7dd3f3eb2fe81f0fe278bd39cc59db82588b1540b2c000aa4ba4b35d3b71de77f7df43f1df5be1f57427254a4e3dbd76afc5fd3fc77d0f59f5c3800a9410b61357364d5cd4def9e99eddbc7eb79f91d78efbf1ea97e8602804630cf2df0f97d71cf58cf6ce6e66e44ba865a2148191415004b40100512c92cab020a66920205fc9faef87d2f9bbf2bc0e935ecbd7e3366fa6ecd71dfb5e99be831dfc7e9cb7ecfc2fd0f977f9bf4bfa0fc473df83dbd879fa9e8fd77d4fcb74e59274e2289425152896142d94ab12ef7cb79d7b6fd07f31fb3f2fabe9d1e5dd423d27baf93e97e67ccf5fe47a797e91dfd7fb0f1f5a2425088d334b7353571a35be759ebd7c7e8c795d3c5eae5dfa70d7a39f672779d5ca46f9ce7e5d5e0c73ecc4cba248d248d20b08a965a951050116280404a4595011669161149952c947e6bc267e8783b70f2bc6d4f2f5eb6d9e57b2f49ee33bf27d27d17af97d267af3df9fafd4fc9fd472f47d57c47bcf94c6fea3eb7f32fb19af5bf19ee7d2f6e121d78205416e6ad1149544ab9ab44ade6cd76fa3f9af75c3b7e8979efc5e8a133f05f7df03d67a6f23c6f23d3cbeff00d97aef63e2ef52e62c0054b200b06ee2a6f5cf4cf5df0db3e46fc6d31e53c633e467845e98ce1bb9926ae52ea4172b65c352dccd0cad5cca22adcb50808a58b08a24d4a8aacac22ca81110117f37d789afa3e1f1b3db8eb949a5cce98ed2dde79cd7389ac6b7caaf5ce6275f77e82cd77f1e2c8b2e402c055594002551560b73a97afb3f55e772edfa4f93eabda787d56e519fcefeabe23d1cf976e1e4f6c7da7bdf59ecbc3e8b6332dcd4d4880000ab6235ac699bacd93573a66db5339e8394eb1794ec5e33b4ae4e9170b164a5cac12c582d82205828002050a8b093433379d24a24b0928fca3b78d7e9fccebe4f8befa6fd3f87f71f24787dfc7bae5e5ef8f98dfaee7df8312960b50010b00002c1a0a0ab2c0028b2cbaf23c7ef8ebf77efbe7fdff87daceb8e5f21f39ee3d2fb3cf7cdf0bcbb3f47f23c0f61e0f4cad4996899684045400ab5779acf5b8b31bdf0a9da62a69991b6336f49ce4bacc96ea42a48b595b6332d9600b160962aa5114960002802095a49612584961f9224fa9f2b5715778b2212e7490b0a528000a20800002d954202965940a965d793e2f938e9fa0fb7f43ef3c3eed78bdfd3c7c7781db8fbbc97cef03d84bfa277f5fe7f83d56e596ae11b9956af3474615b611bbcc9d6f1a76bc2a767187917c72790e08ece2aeb39c5eb39c3a39974c8d3234c8a85b10a80022db0a20a90d482caa972ab10108b092e6bf26e927d2f99e4b8e25f2fc7d7936fad59799b1cd6594500b29658400401602ca58152cab2a8029aebc7a63a7da7d47c3fdbf87db3e77e8fe52df95e7ac7b3c6f23c7eb2fd8fd27ca7d5783dba4ce1a05800085414400b0541521a4150541515a892542d40b156e4950b5010545028854b5125542588b5104965cb9ea6f1eabe77ae3d7f2f2bda77e1e8bb7dc6e6be07c7fbdf45ae7f31b93af0f3b188bcb9f4e6c05514a004815059642a0d4a1292c2d1152aca1ad66e75ec7eebf39fa5f37afed3e43e83e271bf59967d7e4bd797597eafea3e47eabc1eebd66b1534932d42585b29042dca34c8d20a80000a20a22292aa0a8045a82b2ad322a508aa808ab1020a90ac93533c353bcf4be97a67dffcaf87e377f3f7e199db87d27b4f27cdf37afc4f03c6f57acf9fe67a7f5dbcf1e773d3cbd5cadd49d39b164ba015054000005442c16ca49a8ab2c8b2b405b12f5fa4f99f61cbb7dcfe7ff49f2b9dc89d78defc3b4d7da7d07cefb6f1fbbcf70edc9b4b2459100010b1466d8510149445445949628000854502885805811545842d422585cb29672f55d33edfc4f93f03af2f77ea7c2e7d78f7e59cf4e77366b9857b5cfac73e9e4ee79b35c75cfc0b2f34df2d791e36e9cf7840a000000000588582d944a00588a1425df5e1a9bf33c4b98a2cbd33e6e3a3d9fa7f27976fb8f278f5f37a7beb96b0db036c234c8d3234ccadb05d3323a3034c8d3234cab5704d325d334b0000100344a240582c892b3ceced8f5fe8779fa7f47f3de376e3e6f89c33df86b31ac496dce4590504477f333af59aed8318f3385716b3701414000000000580400a142cab245850a02c2e92cb6ce92f4fa2f31cbd5f34f1bbb3f79e4fa6be6f4fb9be2f4e7bf298d42cb02150b6215054a0002e69591a609a64ba646e6566991a6469915215995a6566a71f0759f65e3fcb7abe9cfeb3e7bd773edcbc8e3cdbe3665acd85911654009051647b5e1e1eb1d7b7d1fcafd04deb97b5f40beb38f91e3f4f306a000000000005800116ca00b0584a1411416caade6675eedebb58edc35cf573e77da7c7fdcf97d7db9f7cf1edcbbf2a9d6e06992ea486981a651b621d1cb6699a0859609440058010510455678ea77cfacf4fd39fd0f81f29e3f4e5ecbc0e19ebc7a672df322ca8b0b0400052002c40f2bcbd67977f03ccf3bd15cfbdf558ddbe14d675c43500000000000b0050949522a0a835255d4200b14585d5897571669d797497dbfdbfc17dd797dbbbacf1eb64d021521a652d905b894f99f33e53b71f67edfe4bc8de3f43dfa5f6fe7f46d8b9ba921a655a905649521a66c563c5de7cde3e9bd0f4e7f4df37ebf976e1df9739d396b326b152d82250a0960a58160081682407d175be2f0f57aef13cff001b7cb979bebeef39c979850000a401600000000520b2c4a5211505b9b2d02c1ab9d2ae52eb59b35ed7ed7f3efa9f2fb3e85e3f6e3dd622c8a20222c82e52cf95f43f47f35eaf2ddf2df4e5f53f47f31f4de4f76d99cf5b90b50542591618f0753d8785f37eb7af2f73e9fc7c76e1d79e66f921730581600010510b0541615505416e4581ef3c9e7e4f0f4fadebd7d474c78dcb59df00a000000a04a200000001652000a22594095400b73a59acd2ef1bcefccfb8f91faaf37b2f6c6b975f2a6759a4cd5408048581f3df2ff65f1deaf2cd675d387bff00abf96fa9f2fbac4e5ba8ad3383ae7c3f4fbc7bef5ff2dc7af2f61e0f0c75e3d311ae70973625825950504a040580159a0021a4450214b069cd276e5141400000000150000000160000b291642ca2c15054a54b2ac2eba72d675eebeafe23ed387b33aedcb8f5f2f5c772ea0a96094656021ebbe2bedfe23d3e5c6f1aebc3defd6fc7fd7f97d94e78def1e9bd274c7d0fce787c7af0f239726f9565ac97250905951620016215280108b00159140b054150541050000000000000000000000000000b100b285854b2eae68b135dbdb7a5f63cfafd9df5ce3e9f2f5e1497d876f51d8f62f0acbe6df0879af0ecbe53c6a72f86fb4f8befe7e7acdedc3dbfd6fc2ef976fa1f4deaf3675e786f9125cd459506a415054016421a485822c16012d1054a00290a451144aa64000000005800000000004a0000002ca410582c1486929a84b606fddfa4ef8ebf4bd3c6f23977edbe1e44b33d331778d2ac42c2d81e3fc87d87c7f5e3ce49d785454520825502002925a49b865b865446898bb186c61b9596a986c62e861b196865a19684a029c80000000000414000000000000002c005802c4585b28b28b3a4d4f60f6dcfb76e8bcfadde4bde4b16ca112d80ccf55acf91f2dd3875f3c1bc222693759b69952c6a246849a116995a65b189b196e265aa61ab5ceea986c61a84a005905415916416e69cc85000000025116002ca0001280005800000000b004282ca74f61ebbc9cefe9afaaedcfbfb0e9ebacbe773f583dc6bd4f497dacf1f72f79c7c13daf8bc3d26b1e7fa5ce37c6e4de2592aa0bbe7b3ad90d242dc0db98dde50ece30eee14eae63a4c0d304dcc8d336ac0022c0a228148a22d32d0cb438cb058290a82c0a42a0000a4280000000000000000059402a58d74c25f275e3d9ae978d5e99c91ae7997daf95e86afbaf4f9c26f125ca459480500b05b91ad6361a1968626b24511a16da65a195246a115528004a421a90541621581d19a581c80000000000000a000000000000000000a4b05b054a6ee2c74924bab8a6a4cd6a442040215003499512ca1692582a1d9282131d324528a500211559006a416010580b0580519684a00720000000000005041505414000000020b050580000b0692951140b9a6b282c152928b26899942805005b1165411d16000ab1445245116125545096002582ca25100054140001c8000000001400045800052002c1412ca0000002c0000b0690544541528b0540054000b5014a002021d4405002451421500114496002582800944580a250008735100000582c1482c00002896000000002ca4b05008500a402ca10359a202a468852550044b2d2ca0005025126a1d2e680258160b000059466a004cb99d260698a6a415000edc7a805200610580000054a2509600002802511425114458140004a128000540a85800014a40014801759d10116041b41acdc9d359d9900080000045040413974e6250000000e9cfa1a0458161cc0000000b050400002ca000085100000050000000000000a402c1600a58a450d6689600405b28961d37cb610191a008541528040404e7d39900000000e9cfa1a025801cc00085000290000000a0080542bacb8df5d67a78f3c9b1e14f27c7de222e6a2802c2a0a94000000b000000582d82d944b0a092c2d000bb39b792035650010b20d2511480cf3ebc8800004a006b1b3a01000e60000000a82ca2016522880580b0523af7c77e7d974e7bc370e7e3f95c778f166f3d78c594b2894402c1400000000016001416ca10541206aca59726f5cfa0cd849617591a4a258405b91500a4e3db8800000004d4a75960001cd4400a4a114401445000114451282cd4793e478fe571ee6a67526cbcb8f6f1f58f1f373d785868b05010501054a004a08500000005b28001221ad6345960e9cf659722585001500a45800038f7e00040512808358d9d000019409614000001000b054a1000054b1dbcbf5fd31bf3ef8fd31d3a671c8df8b796f9c1bc0500000000000b05940000021416e696500666b25d6745960de365ceb2258500000000005e1db88045c9a4152990359d9d658580060002582ca1280400000000a451282c45d611bcc9560050000000000002c152804054a0005b9a54a0133616e746a51359a502582ca00001602512c1ae3db89105cd800b2900b29d9280018000045116000029000000541400009602896000000000002c002825800b28008505486a4004de365292ca5025854d100580000096179f4e46144069289465a801d6ca004a6000002165101658005800291440504a0025854a010000000000002c000029280080000000b345b292e694002e740a400000858179f4e66146561a4a458013529d402029cec15280405000942508000152800004a0010504000000000000000292a15288001445051958359d1412e745582519de742c00004000171a872751c9d473751c9d6186c62ea1505b289618000001400000451002928002140415054a010001600004140000028400028000b28049604a6d299de3614404d63600040000258496140944582c152851140141cc000050000415282002ca08000540000b280258280116029282580000000002ca090bd3065a195ca585ab0681758d1a049a84d67400944000020450289465a846865a80000a01cc05814000080000002c160160000000a00000580010000000002140050359b97d1faff238ba70e7df8b1c38f6e5664501a0359d1a4a2584b29400401000000a000041600002c0062c150541400085414000004580a4000014005100944510a400a4510004a000005580479fbc26af3df3678f2ebcab2280d5949653482a525834800020228000582a0b00024349410a82a0cca0000000002a0a9410a82cb0000a0000a8000042a5082ca259410a9410b0000050b0588f22f8c3c8cf11aca116501ab02c1a4a085921a646991a661b64690161500000094451284b6995a65a8648500000000000000a4a00000000580000944511401005128450960000b29658202ca5809440406ac005b291445a65a196866d800582c160258280128004a1284a086544000961400000005001602900290a0094400000002582ca0020000000b296584001404004068021ab91a6469295054854150541505485416e45646991a9054a144512c16025094400001284a000521505415054a00000045114450000000045002500129604000000010690005100aa46846a11465600016ca01284944289616ca0114451900051160944510002000b28000b3446a11a196865691440251281449a845a4581612825100012800a45825114458402ca0140961ab28b0000496028582e694000192851015284141958015280401445196861a195080b0580de74500a4a114458160944a00000000008080000b050080002049726ac1416c0945b9a500004582ca2584b28a001216e45486991ab8a550049605800290a004a1519b4496989b865a564a35294a000000000458000000000656000000000002580133ac96cd021ab9a258505b284a00000212ca39f4e459054160000378d1d08529200000005402c2ca000458506544a55b284a0000000004585800000010a496000029004160009612585b2805b289614a5000b05802080b293975e64511615289440379a74960a1fffc4002e10000104010107040202030101000000000100020311041210203031405060132122321433052341709080a0ffda0008010100010502e8dc748ca734bf71a51c81f8f18d4ec701acf2ecafd4fe7bb6a06dac73a8797667ea76f058e353a260637cbb387c1dbc1631a747efe5f90db8dfcf742c76971886865ad63cb67bf4e4fb6e858b3363232cbde6633263687964ded1c9f6de0547eeb10300b1bb7e5139a8a4fb6fb4d2133aa28e629bec36c92539a6c7535b6952af089cd4727db7c2c4ad6396d2b264f9e3cf67c9a5ad137db7c2c634e8a50fdba93b203848e3ab14fcc764a55e0391faa4e7be161421e9ac6b764aed2d335431c972640a9203f267d7a7b56ad5ab56ad5ab56afc127fd727db7c28721cc51cd2c8e607565fd1f29d21d45cf2e31738be9e4b967fadfcf80c582c1b32abd3773d91ac63fd7d86952a54abc0339c349e0b16293b335c031db5ab08db7b2d2aefff00c804782d582d01b2ccd8db913ba4dc6ac03d881e1df79fe411e0b563bfd36e4647a87fc6d0a090b5426d9d8ad5ab56afbe934b39e1c78217a855a365bb8c588eb6791bb965b0b5dc309add519dc6ac278af11b1d1e7fdb86de6c9d9e9bcd9da1611fec07b05771d6e635b9a1372d853f31800cd5f95a8b1c4f173fedc4077a2752c736dec55dbb5156be4acab4d728f2f4b5b905c449184eca6042673d35b212056fe7b51e20de62c2faf887e382dd3eff00109fe9ecb5a90255b9461c542287033be8788379ab04fb7563bab829ec937b34955b196151728630137d9075f033cfc4f44161494eeac7757660a6ced4ea7ba36375b31a3a7e24654d885871db1b83b1d8532001100089df3dfcf70d27a20a07e97472078ea46c1dd0c253810bdd5a8677a63ad5070971cb4c5eb10dd49e7da27d4d34da44336bdecef671e8d9cf0fe9bfa8744360ee9a1a9b8ac4fc58ee6c72c51fc5c25681049a8d2aad990f01bae9ce98b943206a6480eeff00207a46ac1faefcb31f5227eb6f42386761ed0c93e3148e71f884e6b48c8c7d21875c78842b56a49dac59538915a05472e94cc98d7e546bf2a34322329d911b4644bea3fa36ac1faef3cd079f9e1bec7423887b4b642d51e4e847243845314e3adb26a89d1cac687e538afc99027cce7abdcb5acad656b28bcf4a161c9a434d8ddc935193ef84ea77423887b5da123823912273cbb65ecd251db1405e9d82e09edd250612bd3e94289f4a275b37733e85444dc7f5e80207847b53a95eeb23d4b428831c34005fcd307be3c2d6b660e2266d39b092d6b64539d2d3d2b4ac476adece76c61f7c7fd7d15ee5abda4f6b2d15a13a3ad8d6b548d6e98dfa53230f5242c602e28ec6a8259133511926e5c2969505fc81e982c477cb77289f51339e2febe8ed5ab56ad5abed86d05a8356a568b904d9831c67648bd30e0e145058b3323473d48fd6e864d0e8f2f50ca935c9d2858ff61cb732ff0062673c7d3e9f4d6afb77c5e9cd6069ddb42d6b70476dabd81412b5a1e6ddd34269d1bb5376b8d0c875bd35618f8f82d5ad0e4e046ed1564226f817d4447de07eb1b72e4d2d71b299cf19a5b1f494a952a54a952a54abb40721210acb932073d3e17306cd4506972f48db8693d735611f86dcc7dbb647ce2fa783b79c3335a5f2c15316976c6bf4ad769fcfae6ac21f0d85657ecd8ce78e1de9f497dd2d5f656ac4151ec91da44ced4fd91f38fd99d0dab57b2d5ab56afb85765673c492dbb329f51bb6c47de1903dbe0decb42690d5a6d16f640b0ab6e6bbe076b5617829288d96760752f5051d94557600b11f4f06f666b823b42c3167c08b8052653427e4b8ae42ed069b31bd7a2f4e691b1bcecaf747b044ea7433076cce1efb42c376ce7dfed4d90d627cee28b95ad2e72820694d8589cd14ed0c0e84ca8fb10b5395b9124f600b12cb9da836695cedc0b139816abbe991a13f2da14994e7273c9dc0c795131cd5adcd4f9fdf56b73e61a5dcd0722e27b161bc35d3b8fa4fe7b5ab0ab4f7bb4e9d8d526538a74a4ad5bcca0b50ac89858f91739a0137ba7b0c4ea39131f489dc6ac6735b14726b683de0b8052e48687643ca2f2af81f90e5f90f28d94012b4d2b604eabd8004eec2d34647976e841e428a520b6e8395f73b4e958d5365274ce28bb8a1c10d2d064f62772d1ecc135beeefb4469cc3a9bdc8b804ec86852e5128c84a2ee82d5f6c68254515095a1ae8fed1bbe3616a081bedb68cac0a4ca013e67125eaf8f567d0f6732906929d139834928fb7690b1e0669c92d6a2a334e33344713cc8b4843d903da8b804fc86b54b905c8bcad5d15b1a9f29726fbb8b1a183fb0ba989dcfb402a29dcd53c9af604df758f1e9652281ed065604fca684f9dce45cafa5a5c931e656b0295c43de41ed4d349cebdb00b736c74363a72f6b53f25814994e28bcad4afa60d54d4540fd2e7cda5f23b59eda163fdff00c2be2934a4ca7213b828720920f465ed6a7e53029262e3a95f52e2135a4a95b13635cd69201eda14376ce5c6c99a812ad31d4b1a42e1c7b4e998d4fcb09f339cb52beafd10d32696875a29ab5a3dbb1c80e63af8f97cf605897c6b4f9d8d5364ea45e56a57d6c8e6a2df677bad04ae4afb7b5405c0072be2e656d0b139f0ec27e435aa4c87125e4abec0c69723138a31fc88f4d3b9f6f8c598db4c21378b995b42c4fb704bda13b29a13e62e25cafb13321a01c9691ac3439f67b863b6dc1da55da1c5ca1f0db89f6deb08ccd0a5c9b46425172bec96ad6a3dcb1e4d05a758d29b77c4c9fd676058bf6dc2429720343a6715ad5f8dc545cc7b514e40f1323f59d81637db6134a5caa4f9dce45de3c0d2864a20d828396a5ac2d4b52bdf9be8edb8c7e45e1a1f94027e43dc8957e4118161ed5ac15615da0372d5ad4b52d4b5295df076d8dd45f292ad5f9084cd14da5417b2ae1c9f5779434a07d8715ff57f3f27899a9d55b0a06f872c81a09bf27645698dad838934d48b89f260a1682682a55b392d5ef681bde7c9a5493fb13d4dee5f85b4a6b9194b509d7ae119895ac01eab536517a904e7501385ebb5492eb3c3b56ad5eedabf150ae96ab56ad5ed068b66284c14b2d8b57e696ad5ff00b9affe3a0e96d5ab56ad5f8f0e90f920e90f1478b8e90f1478b8e90f147959e28ecb4a952af033c51d92956da447811e28ec637cf870ec637cf809e28ec637ca3e60ddf27cc420774944f99028156ad6a44f9adabffc6a7ce0f9c1f383e707834a952aff00857a4ad2552af3409a068215228f9984c7fc4ec3e6ace5b0f9a8e5b0f9a872d4b52bff00e53ed5ab56affde23fdebfffc40023110002020104030101010100000000000000010211031012304020315021138090ffda0008010301013f01e164b44c8b1fd764b5c63e8514514515f0993d60cf7f5d99354c831ad12e2b2cb2cb2cdc5fc4c9efc31eb7d1b2cdc5fc064fdf8637a3748dc2f5c5451451451451457c0912f7e10d27a43d742c6cdc6e2cb2cb2fb73f44bc23ecb44a5a41f45a28a122bbd3f43f14c9c6b488fa37d8dc6f3779cfd0fc53252bd111f5ced96596265f576e962991978cbd12e0443998d97aa6262ea368ab3f90b18a3e3325c38df2b243f142ea6c360b57214b598f8110f1ae06487e31175164370e46f1e4252232379fd09641f0c7c62f819243f18a1753d17a2450cc514c94451322ae24637f9e117fa3e0687128a2848484bab68b23224c66295139919195f1231bd5fa23ef89a1c4d86d122bacf4437a596290ddf1e37fbacc8f2596596597d3b23fbec9c569f83e786b91fe90e3a28a28a2be443464bd90f7ad1451451451b4da6d369b4a28a2ba54c43ae9448b25e8647e131ccda6c44a1d246364fd0c42f5dfb1cc9651cb46c6c7efa58d9927a445dd72259079072d7fa32c72e9a636591232d28a2b5a28a2ba163992c83997e345336beac48afc13fd22faee43c83c83917c10243ea237fe1663f5d4b1cc794732cbe1a3d0ddf5d18bd704e744720b82c9642594722cbe36491bbae8c5c19bd8990f5e4e44b212c83917cd64a5d8463e0cc221eb5b1c8790790be8df6b1be0cc231fa2c732590722fe6c19b8dc6e2cb2cb32e919d21e41cbe8445e56642cb2fe8222bcdb24fe9c4b2cb2cb2c721cbead9b8b371bcdc5ff00a492369b06becc56b25f663acbeca66e370dff00debfffc40026110002010304030003000300000000000000010203101130314050122021041341148090ffda0008010201013f01d1890b34490fb786e46f31f6f12379a24bb7446ed1388fb6447d2a0c428925d9c7723e9510d14d1e2545d9d3dc5e93245256aabb3a5b8bd24787d22ad510fb2a5bfb60569224ba9f03f58e063da96fa2ca8b80964fd723c25c7f23260702511fa53dc5a0caab5e31f27829d251b60ab47fa87c549993f60e64a5eb4f7168d443d6fc78ff007d6b470f8be479a2578c471316a4be8b4643f46b4a83caf5af2fb8e2f80e278b3c054c511c4fd67ea230c69489aba24be6950a9862bce7e2894b2f8d8be445496084b23910fba4caaaf0dc6be0f4a9d7f13fc943fc95fc2751be32bbb22a4724204a04169d45f2f490f625d5b42d396c4ad4d0f625dbc89ee220896c4bb7913dc8ee2244b7edd935f4a6be8864f7e85223032790a5c2654894d7db327bf3d21408d312b604b8734538e2cc9ae66050234c54c4afe2604b86d18b32511f2702811a62818f5c9933c667f092e36051234c54c5131ef8b2e362d538890a02a62818e8d9534210254c6b414454c50306355721953429ec344d7ae051234c5031af817219534296d6a97c0a0280a3c2c725935a14ed50c0a0280a3d749183060c183060a7670c8a063b096843b47ee909766c68c183060c1812edb16c183063fd92c993227dcb775dcbbaee5a30604bbac18ffb61ffc4002810000103020701000202030000000000001100012110600212203031405022415123617081c0ffda0008010100063f02e9974e3565bc5f6335f196f03b06f07d885377b8d8cce8bf0b2e1bb9f68ddcfb5970a9bb5df6a7542173ca7d92fa0a186e97da951577fcd1c51ae67da850bea995145e8d789a4e96b986d8c1769db28bdef9b1bc28e11bae36c6c0b967a62f916892a691ca951e11b5c2975cd3e57d6c1b94b3ca18a102a358bbb8d895cae7bb3688645e83154e1e10c5caf95347d81d58b42340a05fc749a3a85375fca38942feaafa4ec0eec2363fcacaf4959f0a77fd6895f359d1cd0f75d0b2a504f8690b953e33d9a0a9da159ebb5af95d65d05420b332e139697ee8b279d25a92e8b3e90cbea993f741d76d4f687ca0bfda15389708a3d96d4f58b1a7a2f9bb0da9ecb9f2238d01b44d945f4843c41a1ac9189485f3e29d0fa26f328e86bc05459e7c917c0b225469e170a7c6143a4587cd6517a0529f13fe34cf8309ddd07d53ef4a8d42928a38943f8c5d3bd89f3b25423897cf90d875147da85cedf28d7e99479810f5e57cae77cbfa27d58b025069a0f47941ba7352fe63627d05b9f3a5475e515f7c3276f2e3d0e5429ece5fd2cb48f3821e44a851dd3851b02281fa92a3b90a5454bf9f0a77f2b689e8caf9ef8fcafaacf9f3e247801b959b173ea1f063c2cc8bacade9041477b9f126851f483f7061b70d03f5fe6de0b2b50f5461b8677df57cdcf1b6fa79bcdeeb9ff3e065373cefc5d50fa4d0689bde3fe912ffc40028100003000102070101000203010000000000011121103120304041505160617170808190a1b1ffda0008010100013f21e8d626f168f544d8ff00bcc0082beb56974a3d61f0262662b2626813eb9d26c9bc7c4622b71212f0d7e25a9ab7d0f88b587696f80a52eb4a5294a5e5d294a5f2bef02c7e346ef262dc345928e2fad5640de1f124da52dfc186b0217f5af50f90f856876ec2edb8bddc2e05d1421084d2109a4d2108427c2d86f83787c48787d701beda42383e0949b1099d0cd2690842134427008321395084f30a917066cc7c6c5d7b4551381a2104e538ba39ac2690842703442109f04c8cf68c9c87c8abb42300bb68d911a761901c7a60d367414a5e7421083d084f809ba3e25a595d68a8ec66590c45eec52c22907aefce8a94a5297983fa94a5f8065066f0f890d0dce66862992b137fa1cf40d93410e3fbb1e12fc122c6acc7c685acb1e8cc0f96886c94ebe8412d0f80210842108421349e537d8e3e346e3ffbd15992058d9d10d3af542d1096b07a10842109e61895fad0f8d1bcf75b2d8854cd546ee8b42eb427e013d05c10687a52e8a5297ca3222d0f90d926fe60f7d06b3e11c61c2337e093e1061bf38a4ac86ec18f90d0aa4cf02c8db1607aa1e313f83c0cf835b0373ee18f95bc73a298163d168c27ecea172213484f1c9db3e89e93e5b243674934a428b5ef87808a3ea8b5842688421083f17dcb24490c39dc41870c89d4b014d6c4cab4a5134f89921f2e8e687bf026578dccf9e7ac42425a42134420d109a3f0ee31b131770cac8e46e20bea084173364c8de2c2c185f11f3b971c28dc64d9ead084b4489c106868687e257fc201dbc60c0d18fd8c0a0b90ed096e31a95368412e362acf9b653850f9154ba942d134489c6d0c63d1f864a570836ca92fc32c5e81ba21bb484dfa0b2e246590bc38d9b1e6ef0a1f22a5ddd4a10b4217258c631f8669d02d80769ec98cd981b4ae9d8c902e8aa4bd82943022885bf1b3f4bd2101fe967d416a5cb318c7e1e2bb06b0a13274b10846c3d8436228888a1642fd6327b875e027c0c574f7d190cd05c9f21a1c7d021685cb318c63f0d7528ba174c31b230ed1fd1731d8dec43126c28f69970127242ec63e94ba312d87d12378d5d71b70bfe8c83cf2d1685cb3d0c65f0a8dec880fdc724634a6018212ee85dfb4c3725ec3585b40c4453778aa583f73f4d3160d9611e07d14378b1df1a1ed9767e967a0a16b5c9630c7a3f0b9a43d9b6ab645ec35ec5565b8ea0f0c5873287d94425301c561d174462b0243a99dd12c7f76363e8568f92ad203e408a3277e81086d13e4363630c7e21252948db99176065426662ac6a55893448d84eec8cb05936643749c650fa3b461cd17715c41dade36449238e8d85779f44c6d44cbc2d8d8c36363f0f9aa1e8a420eef839dd98ee9fb1b2469a3165a29a08ab1d4412e8e485d1769a91c974b04499124dedc597218e486d37cea510989885297528de836365f10bfb0821a9d3f09eb62c06be0629ca9b8ff00629b466de7468c7a690aa322a547705603e910c3d284f81ec395d363a25099441684686586c6cbe261b8c55ecdcdfb28631d545925420a50b2bbf714fd352f7b82e348358e3d49d84e6519618fa45a2d3bf4dae07b15974d82489ffbd15294a5d4a51b2f14213584275b59d85509c298f41b01abba51396ca30ac695171f4a85a62039c086b7a99b2663e8a94a5294a52f8c414d8693808454e4bb8a97a721084ad996d8e0734321a2543f70e8a32320b940642786623601b191637b6801e05a5ff3e3dec7d1d7be44602d1b85ef51b11b67fe0e850b8e94a5294a5f110f2676e038b906a6916947312f36a6ef7eb91b8982d247c4bb688da144bfe7454a5d14a5294be31bd140ddf0debd1bd12754bfd0b9a10b54583f34a5294a5294a5294a5297805e205294a5294a5e1be052bb0e3c31164a52f40f5dd10a4b4584bb7434a5294a5294a5294badf0a89d82b54a4630c4bc1a378ed8ee41885ab4364659afe12895b91233b5acef90d5d12bb12ec50faf6251051977b8daef329eb4a277cfd37e415cccded892c887b091b72a31a56c6d30a3f21b6c3163eb969198ad06cda07aef24ff004513ee179da381044c7790d630c470093a9645708e1a6c24981700d194581af2c7b7c01e33f645e1b0e69c2b548667a0884213cadd1b14e461f236270dc58d9747580823c37a1c9dd9f911c9945b0d59e8c485b1f8147e583d2906adaa3708bfa66dcd9d15eae8d11df070ea237763a1be1a28f28615f61d58c13cda07aa1176f00b44b4b29c0d943c3ee84e8f4fcbee2c745bc79fa3da18a5e274a98d08370d02b608e51decd10cac891e3c0e50c8be22ecb02e23c7a296430c4294bc8a5d294a5294a5d2e97a9a41b804eda40d637a5e45291468451bb99110d7c0a06be050dde04ae0f98a9bc447e893ee416b7c6d370677fa33ec1c658c1b2979cadbc5a1a22db694a106c0a4ada50371d752978e94bc0d16ecdf47be46aac631d979d7fd05b8c236b1a48282371112a78952c8acc0a728d5884310994767c0b40a2e9a94a5d2974bc14a5e1a6ec13654fe68d771d0df05e6acd59309d864b082bd876bfe011a956e47b5e2602b81f37b68d07780853eec68ca5b0cee27e19b99d3490b9d0db1f46e97059169c20a8fd060a38be29112e888e19298b464a270a5294a5294a5d1b82f717a6df024ad45b360f0dba731bc935966fc1bcb88731fb8ef607e290de8854a42ce4656c2e5ae93b6c65b5b07db952e0a64bc574a5e1bad37cc37dd1c9b1b8c52f4ff00da1afa9ecb138c6e3423778d61bf50cdaf768d0b974f743d535886d8b82f31a2dcdd9a239ad8dd8e8a5ea5a043fb615fc0aae06c8d1af51b2e78d425b085a8bcd63a9837a364b3fc1735a23711b83c437bb1b0f45ead774fc0dc9c0ce27703ad0b9e390eee0a96c5b3ce664a647a9f9868dd88bd9992237063b2f5ecbd8cf231f702533b9933f1eb462146790fef9ad0941eaa0b6e4362dcb36dc8f9941ac7e09229b1189644cf7bf63581bafc7a31638c9460e89f314dd8f45b8c17135773bf936c0fb2c6318a37e0d43717c7a71899d9c4616e6fc0c805ccdce01cad6896ec946ac7196367dc7652fcc2110631d9b183a8dc905b45e5ee704e5689dcca7ff53712a3652fcdbf242ff50a40ea08ee7eced220824a5297816ed1105291b31999b832a31786fcca24d3dc2c8864db010132e94594597a681bb5cf0cf70f4a97e8145f65b0d19304644761ad13e4adda5297c4c2109e5d0c4c5c0d06db6c2756ab91b86ef53084e384f8382310ced0b2263029394d8f29965e4c21349a4e8e1358421392bca2547e6c5ed1bd09b8250bc86e094ef9bca8f9b084d2108421084213994a5294a52f9883f361768df4656d0a12868b3a2a5d2e8a5a5e3935091084e5d2ad14a5d14a5294a52eb7cfa243300d23c897b8d1b1f92249ec28674a5318c90f3ec1a16e3acc6c7c845e10a529752b2b2fc8a184f921b64cc75ab2b1f410dcbb22601b8ec6cbcabd1c27454be61099785ea45e8bcf442109f30b89f4cb85fcbdd14a52e97a55fe58bfe84aebf063e64fa3bc2745159597817cc1f802f91a5ff5b4008bf084e06c4fb310421069a2d78d5d26cf20512e1685f12b81748f61f8e21448488420c41f885c0ba4d9e3c8da25c2f46ef807b73578246c149c150f49fc03db9abc1b98382e853c93e7bd87cc5e0d11d14a32d0af8a5d4761f31785ba1b17e11f317d63ff000297dc17dc17dc16df628427ce02e930c8888c183060c14a5297e617dc2facba52f257d5dd54b42ca27257d56e24ff00055184d0f90bea9b22f11b23d0c7cd7f4a8c343d0c7f64b7d2ba98fecd0882065b1f3e94a5294bc575a5294a5e1bf4b35842109ac21084213e86109f3cbfc5375bf3d78afd8cff00a525d45294bc404fead94a5e52eb27c7bfb83e6af975d23e6adf87ffda000c03010002000300000010b4c3996873fbfe25d8b30a90b4d2c228305801806a1b72c208e38a52b8e5b01daa448f2598b6c33610550522c755e095cbed916e4a7d0f415730c16d58b52904d7472dbd230dc800bae08ece70839b2c3deb7392d0621c021ffd758056083eaafc5e3a2e54c20bca78a7806835c1840003d1f8c8c30c1071f3d47c0d18783fe80fcc32d2c3c220f4015c8f30a225ea13f86e496a34682433559c687d28237bf3722f604ec381cc2591c2b9f4c40e260229ae5ea66c506d5418d306eaa6a99b5ff5f7c4174043cef585f22e57c5a48d0ca4bc535805047dda954f3c0049389d085534723962cad6647291806e9d2e511e11446e0c6874508cd563dbedcf758158004be2cb0b083815021430c90230fc0f59e171c1ea2bc903a4a5a9e4fbfaa04c57b07f980a3bf04d95bf476650ee816206132e2bd0040210b8452c68ae2d8417f0d6dd3cf04c2d7c2f6cd610f276f37f06a566fba0263e2a9438c6f1b7a5c55c1c4001db41dbe230c53afd1755cf917531f3c0c4cc4d0ee652257fdffd0feca729f0adde56e392bcce4ab0ebb2b0895ba5408cea2408711224715b681a7ed8281d250b7d18197fe75fff004830ac63e208788bc1afb98e6d64c6f3b2b3fee201efe000fb4346859116cba0be4bc8d5e6c31d2d847f19e295987dc94d0c9a822b8cdb35fc1bf1ca1ff8037fe583853300fab1c6180b94fca37cf2080080539967fb7fdac720b5b9e9f80514f3cc99dcd37df9eaaf5f5006ece6837c90710286c9b58b6c5e5bbcc2c328569e93d77fe4d095621ce1b5a96654f3c11c4c8d79da6d4eccafe7dfa10ad2567da0ce667ae3f3dad556b3cea14610958046a818354812d1d7954002f383674fd666a8b6c26f4a45f81d5985106876a50618c237d199fa59a0970100756004f8541051fceaca9eb93c68465a2a9b3aba04ff0006404d2e00a5961e1a7c9b19933aaf08667df6cc8402c022afe17f1882000034e25bbe1043c033209aeeeca7eac2f804fd506596936c870c2693ce15d2cf7cb3c234ca4b592aba134049a90b7ef5ca39bd21c914f7a9ba9d2a230bff00e3fa8953d5831bd286ed1608b8f3ad3cf3d008a91449004bc4582eb1e4dccfc245ac43582afd346d1b7aa75a4a75f7cfae4411d7d1c9875fc83cf2cf3cf3ca2256045a7d87b940bb2a60edbeff00aeb4bf28663fecff00cf25a7cfe439d5fc6d7678d780fe0e8bc73cf1483ef3cf1d7aa0115a3429fb60b852114d5b6982182c0251738692d882bc7c8620ce549af6e0cbae0c6775bc800f3cfbea087362210fa1cc80a01ad2e4458c348208e0bc3d5f4908234defd06c52d03f5e89d43fda17f13634f3cf3cf1ef28d1fa8481904282c3008bbcec8650d04539542d31cdf243a6f3170141f867de2ce06f73de00d21cf3cf3cf3ef20455ac2488b814fb863c2a8c7d40d82bb2f2df38438c0ec306246e7593f6aefbb02c365277fcc30f3cf3cd3ef3c03bdc2035c3516e37db2a9cc188230c2828fcb24402089b0859dacaf22b8f29706e0a8cdf3c13ce3cf3cf3cf280017bc7814748e00f64ed210334302234d92a8348ecba3359b7afe754c14f3a01c478522c3000013cf3cf3cf3ef3c31249a8356be20d474b42eb04a183ef9440d96a751547df9df2c54034d40038671a00a0030c73cf3cf3cf3cfac73db96359b85ef0f8cf1a685b9b5874a6ddba5535d4baa7cc3c4a2b9014950cd85440c3cf3cf1cf3cd3cf3cf3c7bcfb6bb8a685856c5a7935cd0345fe465e2152eea91c020124808f2c18230c7e100003cf3cf3cf3c138d3cf2cfbcb4d64fb266383f0500d24524ac1015be9920845614308c1cb2e3be92d30e00000043cf30f3cf38000f3cf3cf3cf38d5e27eeedc840a53b8ab586ca77f7fa71291b2ce70d38f2801cf2cf3800000003cf10f38c20008434f3cf3efb4d05495c19063a73dbaa828331b8968e39c70f3dc32c20820c14f3c00000000003001cc00000000118d3cf3cf0ae19858e3c11c04a69b5ea490e3c120738f30f30f98d04c34718c2cb08100104000004428000200434000f3cf3cfbef02ba6917c96eef46cf28504a08b0433c03d708530920e0c73ce3c124100c04030104000000000014f3cf1cb3c6b69ace6e16dcbefb8d2cb20f08b0c830c2c5b0a0823c718c24f18800800000000c24000000408010c0053cf2420158ef120ba73c64c278736245540310f6c33c73031cb1c81082800000000000002830c000000004110f3cf3c316c7d24d06047d80401232ed3a504052dbcf3ca14a10f3c30040800000030c000220004020900a00000428434f0c38e22c30030e438000104380c0680432cd3c014800534c10004000000004900c2001480001002020010053c73cb3cd361004a851040042012053433c510b24510a14f3ca3c13021001000840400040040040c01020082053cf2c73cd38f3c13c200d08000e0801cf3413033c738010f2cf00d00000000004020000000004096b3a00000003cf3cf3873cf3c630114b28e2820863cf0c20cf2c028000030808520000100010f000004084320e4884288d24308d2801052853cf2c214004908534034f2473c63c82800040060873c00000000440020003003460f8d5c4400000402852cf2cf3cf3c80c33cd0421c504e18f2cf3cb00000004c14f3c00020c2004340008000095a541cbdc100b00038c38920030f34f3ca2cb38c34014c1cf3ce30c00330004228d3c814530c000308082200123e3942880000000000004400000128310f2801c01401401ce20000700d00228014210518500200000000000034fbfb52000000000000000200808000318e28700120020f3cf1c42c40c73cf2860800043ca00010000000010510c3051010000000000010481000002cc14e20a28500018f3cf3801492c408434728008010a04c00514000000000000508008000000000400c00420018000000e28314e38f3c800110030b08c2080013842802c000000200000b0c02000c02000000003000000810800000432881cf14620c3000cb00138f0050c92ca14010c1000090480000020400800800000400030000800080000cf3cf20708a38a08000f3cf1473cf3cf3cc3040000000000013810000400002800000400800000c80000000012c9681dcf3c300c00410f28814c18030c3420040000400000400000001800000430010c218c0880000000400072f43603cf3ca28514000a08e3470000031cb0ca3c800534c0430830c02000c20c01cf3cc30208000200800014d3412303cf04f0c23c338828c10c20310c2c63470c400010000004004100000014f3cc00100930904204600010f02c6a1b4f14b38d1cc2011cf34338c3473cb28e3410000000000000002800000033c000400000530100000000d08020400f14a20f3883093412c114b3cb30218e3400001400000000473cb3cf3cd3cb00000014200130000800520500300d1010c200000d38f38b3cb3ce38f3cf3cf1c308000208010130d3ca2002032c03042c70c930010018f00020c00300030014c34a3cf3ca0ca3cf3ca00c30f3cf3c70000073ca00000d34c38c3cf3cf34e34d2c72c208f0c700000a00014200b1ca3cf34b3cf00f30f08300f34f3cf3cb2cc3872c728f18830d34e3cf2c33c00073cf3cf3cf2c010d20014f2c53c834a14f34f24a34d20c00f1cd3cf34f32cb87a8e20e0000000c234f3cf1c800f3cf3cf38c3c400428114e14a08728004e1070c73cf2cd38f3031cc3cfaa080d0cabc808004f3c80051cf3c200e3cf3cf2c31c014a34e3441473c80813ce18e34210f2453cffc40020110101010002030003010100000000000001001110202130314041505180ffda0008010301013f10f4fc4fcf195b3c0f7bd878db7b6739f8bf33f37d8beefaf6e59677032cb2cb2cb223dd9672f7f8beb81b36316ce472743f072ce338cfc8f8beb9c267c407ce34931e0e0e9bdc378361e36db6db6db6d86db7a1e8cb38ce72cb27a05f724138974deecc97999d96d9638484db7d87ace73a7cce3c160c9a6f18ea7a7d3963862c59b3264c421c9ce59c9c9eb3b65f1d225e665e2d96ae08f4e72ca9c8514a74a1879c83dc7a0fab38273c5b68f1faa4c722383bbc6cc9032ed49100820b22cfc9befa0f9b6f160189625fea393b33332cb2f0d8618e0b61f63d0362030ef6fb5f5d706784bccb61ea6659785e238a41861888e08e4eb9d14499fb8cb248c75beba116f1f53f1ea78667c0eba928888e4e87679c13b58b1620ebf17d75392f36599e966791f57c08888f41d7387568f24a2d8c8de578befb1c9632f21233c756661187511820820b2cb2cb39cf41404808317eade4238b4f12dea4704bcc793792d14ec924380740de010410719e8de33aa417ea559e404afa101f2d625e27a91c12b4c5965fae27d7196496492734f4fe7c010704774b3ba1fb9093fa8bf717ea5040872d9e36de48e55e6b387c07b64927441c52045b6c36db6f4db7abcaa9e08272f04c2254e5aa7a9c1c0d844b27865f44f19674c927272c588366398fc11c050a68c390afbef17d97ea380bc936db6f466497c8529320b20ed9d42cb3a1bfa9dfdfbb7925e60d0bc09c532cf681314e66596596719c659e87f6432f1709ebdeaf1b4271f99798f859ebcb2cb3a659659c67a56445e57823cf106393f27d47556e64b22d6fbbe52db6f4cb2cf4659c659659e841117f94ed810de294d9f51d086cdb6f071f53d093ae5b6fbdb3a6c0424ececbbc09f637652f9b65f59d0b0e02066dc61db1c996750cb2cb2cb2cf46f002ff0019d9ab3cae2186df61d361b61ac2703a76ced967a5602338dd98bcbcad84b017dfb77a9c2c763e11e57eef46dbeb71117f94ecf16fa7bb906cbf86430cbcdf0ebbc6df34bbe65a7a124048fc9598cde0e870f032d2d067e0ef2430f05e3baca79a5d5b61092323336d9781ebb6f396025f3f8a47018436f56fb2fa9cdb671097f9ccca659b7dda977f0f6de088853221b6db6de3ecbea510465bfc95bca5e57d8fe49c16ce31c0709cf7f21bc24ec8cb6db6f2ff00188b6fb95b6db6dbc1f2336db6db6db797f8836c36c6238de3602ddb7ae7f35641b3660d8b1184ecbfd318cdae2702e53d0fea6db6f6de9b6f5dfe46dbd76df5effc1da31598ff0060e2f97de07eff005ce0c4a7eff6338122dffb5adaff00c7d8d9fda27327fb8ff6f7febeffc4002111000300020301010101010100000000000001111020213031504041518060ffda0008010201013f10c3dfd89c6284533d76bcbeaa5ea58b9ba52ecb2270419e44e755d6d94a5297f0ddd74218f19e1619644462ea7a3fc7708b8b8595acd7d9e33658939822e8fae097e6bd4f4f678cb1e21b9129720f09f432ed313a2e176ddd904a878596511265450736afa694a5294bd2bad74dc255138cb3c1e8e21ac0fa5eb3309944d58bad743ca713c68b514c4d10b23d6970fa294a529714a5d6f5aebf3168d0f07f0b224f37ba109f856add14350e49af88b4642610931f5a165be05fe4357a884fc2b48150d5886252a2659e7a9e265fdb5b9bb21f00808868fd16d0a47a2ed5a5028438625ae0631aa420ce6ba9e8cb2ee2169568ca3a2d5620b55a29f44ce05e4a3e4a21c861a381a9e8c5e18b1e8c4ba51c6eab7a0b55b4c2d186a7c099e8dde05242d8d5922f90974a70c93ca578cf798e098c9f2b2aa31d4c3da76a74682486e64fe01ac4fc1e3a90e21ac25c27ae94c67067fb917018f25e99b2dcb08259093a72125d4d160d72439b17aeeb99a2ed4242c32086a894c09bbd1424625c9fdf17ae97aa26f7a166620dc137a22109bbc4c270205ac82c1eb109a4dd67fbbad92dd7e1678c0b42f0791775d6762d1226b0a51616efa7ce90178103e9999bc2109a4d262835e2cf2098b0bb1e5fdb0123c0a1a2764d26f34841ac7b25e894562678522617732e8f463c1cc3d61084c421084da09096a83989fe8a4256610f0162743dde05031853545e75baccacdccd609c73c0a42826904090425d2fa9b1d8d090c842109aacc21084c412c2b850842109b40d1e842e97d4d60d71a66b190842109a4121ac7b3fdc4212226cb345c89085d5084e882707b266108410f9112a20c84213108358e2622b283c4210594f0485db09abc4c146884268bc3049ea835e15a12a1226b09bd8a217e77a1acc2107819e88410633fdc42128244fc09f85eb308306884210843c8c4e44ec6b262109132ba2109984fc73683589e7bdb160a4292108427c484d5e0d130d1084104884213aa0be1b1c798426492ed5f0e740e4162a5dcbe23586b099d151f812f913f1cf8cfa66662fcf84d96eb33e634412ccff00d35294bf618e0656227f5de2b4f0617d778a28a25f5de2653e24bec358213fe3c6ca513fb2f2bee2fb306884ff0092e8f17ecbd6fd0fffc40027100003000202020301000301010101000000011110212031304140516171508191a1b1c1d1ffda0008010100013f1059a217099585bc2d884c6c64496d8c26fd071b28e477f420575e893e875b989a7b5e3bce9714bce0842f042138bc22130b95294bc9f967063ef8a652945958b8421310858225a4506b4c61e13848689091b5204a15d21225110789e07c5e2e2972b8228b8ae6d0d661084ca5bf036528cf452e6970cbe0997c962612ca127842c2161085f65cfb686d863de531b65508dd0b8b6966795f85099709e8a513294a52e14a52e3439c34386b1ae10d8db29714a365c3a219e8e914bc2a2f07c1a1ae097142c27a3622105458425d1345486b4855de5ec423b23d9aa2fbd5f425e09cd8f9529714a52972214b917105294a5294a52f1081bcb1e1e28c45d8c62cd2946566c6a63622108421042e126561412a2c2c2175ac21c9d18a4be98f370db47b1ce85fa2b744d4e2133df04eae5083f25f1dcaca7e0a5294a5294b8a5cd28df9213330d61220d660d0c47a2f0d616508425842e8468fdc125fbb85ca1b68624992d2196450dec86b698b09b8a938acbcbd70be0bbf0ccdc25e2a5cce3783266f284213c34b07c18994453bc7bc2e0882108421e8be8b7f5c194a21c62f65d38304feed8dad2413bd0f145346326aa1f81f07984156143c1326842898272f16210933084364e10841a262108358842139be370d8d9478a51b16171595842c21610b64bf01abfedf1513d8db1c699663a2abb6284da23d8b8dad618dc42d69fc1e1ec8b9f5c18f87642104824b0993b629cacf07f22834107b60d10842621099189084210841a20d10842139bcd294a37c2e5b1610b2b0b08d084742108430da3a0da395d3a14a2209898e164e8515d099531bf46d5acf6394dc1aa4f8b44f0282121212a41113224461184210d25e2c3108688421a3599c66358689c193832bcd28f9325ef0c651724f2b08421085d0b46fd116c75756dc3a0f0b1ec4ee8ed051d408651e084a8fb61763b5e69ec506ecdeb444356b13931f14ca2c090a52884c4d09a35c25121d676740c3c0d661314b979ec6b3714a5e2cb86fc7063c244261090bf3284842c2131758669a95d31ffee30f08b97635ba2f43bea9a2a64b3e810d4ad2dfb145b776fece8b28ef7035c76d3c0f8b2e1370ac42715816258e8a45dc56041560e06a341b2e20cbcf468a363651e1f0b97984c3549cd8c62d09e56568584210b2b45d1742ec62698ea6bef0625c1b65150e568222e6d5829a02ed53b1f481b167b10c6cacd1dc275be8de5f2f7c1f1b8452978ec4417e085454a3a1b19383e4f14a529710835cdf819bcb2e1b1bca1094e10422885898d16122dc530037de162e17630b5de8fbd50945a193f3386a17546c7d9128dbae7c6a52f14242be84e27d8afa1a50ddf486c8a18d07c01e5b584210988518fa1e1f07e07c2e58f8216661328b2b8324767b42aeb2a317075af54d7526d7666afb7b1c7b1f422e7d947d975354dd8bacbc32fc15c1612108868dd9044221a0a8341a8f8e1a44468706398a3746c6ca528f832f2bc1f43e0c7c50b08b942ca29e8a741125eca3fe78ab69fd1a82c49b3e8817237fc2ca3630db2a8e2821f42cbe2fcab8cd084e098990625ad8c990834331341b4861e2618628a3651970f83e0f952f0f5c18c7849fbc248825951e211896161211fb85b6478741f142d1346262ceb4420b41e90e6f7b2a8375898fb29aef456d5b5b28fa18fc6f8ae49095121212108550d42c763d4632a36c7863431f0f63cbe2f2f8bcd289946ca528de6096208985c17058a32f5a171bb0f5f0686242c35a8dd84748adb1bac20c362ec72036c425ef263e0c7e3585842108484882424213831a1a1a1a18f2c8418fc1479d781e68d972f0f1b9945cacacae0d7a76c77350edc1fb958623651dfad1fd18f4fd3c76138461fc8e2dab87c2e197c4b0b24210909090908211883106868686868686b0f0f0c7c1e1f3431be2f2c6f2c78675a708514c7a1628b9d27fae2c7c162e13161bfb1347491977fa213bb6785a6263486dee512e4f587ce0b92e2b0842420909082711412e1232c21068686868686878b863cc27818f8b1e5f06f82dc3f814b2736c60ba7f4745f92742b6d8f4ba140adbd89c87fa340ba9b1b48964fb63c898858de5d27dc3518f82e0850c70561ac5a2c27a24486cd2351a25d8ddd1f8bdf91762ec484242645215165943743c36186841a1a1a1e18c632707d8f83c31f37cb7ef83f41afa3ec925a3827aa256eb1aeadebe882ab7f6c63873def4589597e88e7fcc6ae9aaa5ce9f485157625c7a894d766f42463f122cd5c1adbc210e3b4bfd21eaabd65978ef28a5f0a1085826f124544888888834c3e8c2a31a1a18c6b0c79797c9e5f37ddc420f1382726e2fff00c1d71969b1ab1e962d8a9bafe06fd442684036fb91ece094ca8c4bd97fdc49685c9d636221f891668dd65288ed4d03ef2294b99e2585c9608228c4a141472ecf7082883c18c6f2c7963787c5e6736f83e34565d8d3424754f43bdc4d0ad8c61563be504c98cadaa25258823ec7d42d5e8fd0ea3b13d0b85c18b4e98db707d725982d1d20b1de18921ebd68269aabe02ec584216109826c4128b1781a145132318f0c631970f0f8be6f2f9b6743624aef4224939e8fb4984391dca6acf2a4274d2a821c56db1110933890d1ff00042696b43ca4911f768269213477b3f86fd8d8ebd8d51ebb37a37ebcb04b0868d163f482a32cefe0ac26211ec582c17420bc2a29db0636319a18c6378b96f0f95e1463c6cd94a5cb78db49fd86bb4e7d1f7b165bb1c59d8d26ff0006c18f27491886e4adfe164da8b4e8894874bf43c7d9c18b6aa7ec7e8fa750d0528c7a3c32d24a377cd651782ec422db1017e8a7ecb7ce959462755e2b0b1458585831d8ea3282ebc3d317c3b0c636518d8d8df07e2a5e34a36743c3eb86ef74ff00e10b61e84b4a8fd7b243e81b105fc0ae6c9a44d8e4da355c1efb54551121c21fac6d684fdd1dec428ee76542f6d93b6b62a20a4082beb78bf07a272451dd1b53f367c98a46cda492468529ee6ffa7bf0ac26262185b1e31b438baf0b0e30c30c363651b1b1b1bc5294b8a51f3a528de29478ff00631966105707d4185bf8203dad51592d12d5d894681d67db46bee0d3572910956e825ab1f5e0f5a0736302e4241f0911d096c26d4e1a11e907a5f46d61ba1863e484c7cd0b44c6d47b2f6f933ace84f02db3dda4c2e1328584c4c5836c6138c7abc0f486b89c61bc1b1bc31b1e5b1b294bc1b2f079652e5e18f2c6b5d9ef0c18b8aed0912d7e8420d24d3a4dabac5f4688196d21a2fa3d2936e63dab184c79189514762024368fb18699d88c7bb46c3e4bc1eb0752449190ad53ebf0fdb551f0650372a1f4ff0047c4e13aae16166e2898b09898c36cdc2751213bc9e282a6c1861b1b18d8d8d94651b1bf2bc5c4e0cbc20cdaec7accb22e89be93b7ff000592db43d31a241351ea431fb09967a1da5441695abb6359b1ad68569a21d9dea16f922ec58da28f13130b8459f585b139d0dc485e744db1309f48a5294630b493e8d9126e8241cf789b7fbc69eb14a513131098b020688c4e901232e5b4b289c830d8d8d8d94796cbe56ca36c7cf5c95a5839a856dece90a7d0d842da465f7ec6753fd0f0967af619d1ad5ec84be99d310cfa6d0e5764212892edfe0a7a36f75d1e997e91a6dbf0863d0dc3b71bc166656f0b098e4b2d156d22c2e28de8abad7e0dba3cbdd2a856dde54b734a5131041b85c91898b28a65312961ab360c36363651e67c37cd9098632e5236f426a558a5a95e90afa0c227bed7d08ce569a2d3bf624fa538868ea6a7d9be32650356c4c89f8c4e8b6968a8f4152a473fe0b4209edf50fac89d2d5ee23b8c852e6f810859ee499e8336515e0ed33448315d0fb3747e96d2be989eb8eb8d2898842636045b827135c854a0c363636320f2c798421384e131084262658f0c78623035b8dc5f6758f744a906ed08d26f4859cc58522bbdff004990cd0fae742fc1b96d357ec834698e793651263703a89d3534db36a6c7f5f04dfaf435633be1091979ae086d8d18ea4f4c3567e0b2d198ccaf47a2ec5bfd07b31cff00ac2eb84e5709898989882082c7430dc782c3636378685818686b26842107ca109c20f0cf641a1eb0f2e9bd7b7e860469bf4316c794f751d523bec34dab68639bb6514082947ec1445da6c2827bd9387536363ef8acae867ae0b371da9ab1cf37aa358c6b146c7a5142c53aae8bb1d33ec943eca27e3a5131313104d850b13c0cb746cd8d31a634258ac6ca3fd1328d8d62f9df063c3cb6516416aee8fab04213425705b690ac27fa37d263dd295970d0a906df92e57331e9118c56a4242651b1bc46fec7b1fb67b3fde856491b5ff58f45294be24d8ab133126182d484412352082462461a1a1a20d106b346f30842139cc32130d0d618c8313417683ebf714988befd8a908dc42bd18d1d344a3155ff004c4b59ee55d51b7b978af9d65084f44147997062d2b1e91e859b1844d0f4af63377fa61109e2984b083424a89a436a14b87e869832cd9b0d94a365c378f7984c4210b87ce130d0c79831e13432aa484e84e8b9eab6a1b291a2891bd8893a4254cd5adfd1dc9bfe867acafdcb2793d7258582ea85ec57ef07d6c7882dec57b0e3787fe8360577fc10488b1110842130b284c4c5185a130b1460c3146ca52946c6ca51be1714a5294a528df1d14a363796528f0d89c7a1aca54778c6ee6b2e41b6fbf8b793e0dcaa9f6c5d0da1f55628a45aaca76154fd8e69f42bc28ac28acf3c4104a2516448824230785978de37914a52cc294a5297c14a5294ac78b8a363c5de1bcb5a2519d94c3e73c17c4f338216c4344627d191b2a345d8b45b35d95f0ec7e863530d20b34a5294a5294a52b2b28bc28a2cb2cbcf650c52e14a2652971785cd2e5f0a7796ca3c3ce87d9444decd6bb0aa7a183356f43573b4aed235e46d6b09527c67e04e3c1e20bb6d10920a92358ed9d8634208c85b67a162af0d29594a5294a5294a5c5294bc694a5e1314a5e35f2b8a528f14a3d8e8c23ae91445b21e85396e7d1ba3177b158aada8510c69b31e93634d9a13c2fcab9a112688dfb14843a9b0ad374a365c3e9472ba7610d256760652f8610841ac4e34a52e2978cc5294a5294a5e34a5c36528ca5cb63638423aa41b9b5e9a19bf6de8aed83887f65845d92fb28aa684dd03558d08b0aa7f6348443f6a985f1166e51ef04e31ff00505daace844131ee3b8c4740d9ff00a1aadb7073fa2112510f17c1a3468d62af84d94a5294ba2e694a5294a51b194a365452e86c611b363eacdbff00e8dd47bd611ecda751677bfa239509ca8dff0009d649b5a53d8b16a3fd8d67d1c1b64213dc4bf4a82bc2cdf854bc9086d09df56876d34a3c5497437462376886aa2cff0099a2d0950f80421084294a528997c54a5c5294b9a5c5294b9b8a37c1b1b28dc2e144a5b2d92a16b6968b6a21e3d8358c3ec7ddc3721a110a771aebf46441fa827dfc6d0aeaac1857d83788e5e8acf43ef08be55e05cd31f656b208cf7a2a86f633a1d0326a82faf428d1232dc22f1d11610825c9b2b2b2b2b2b2b2970a5c5f152e2e6faccc36363548ed9c15b4d1b5f4243e90d93d8f0f7b651bc31d6eafd9b02417d97ffa34362d7b7fa3a9b1f731e844dec47b0cf44f96843ecd17b7a27e2ab68a0a51320c27f2417f777063d0868b965294a5297132fc1068842109e06d62619730852970d8d8d9ba521e15f4189d249b43d7ec35fb1b60f786518ed8438bb6c67765f67f3089244db34ce6ff0007ec13d6219ab362e7d3e6dcd207d06c9ba4a0dd74b84235213e65f4c728759f4e7439050facf03654529714782f8402e170a5294bc993de68e9d14b8a529481fb1881b4d5e8aaf13ed8fa367fd3bd747b746de0f0df1dc5b11ba85e3a57a5ff00868bdda7f839af794e747bc25ec9f1170f795c68f19141e67fd989f41efe848893f11fb7a903523a20598a5159714a5294a5294a52971614a5cd294a265294a5b86ca59878a543636421354211bec37e355f436363ff00630f6caa1e9854f2c7863c4c2706efb668db437c2f07e2be3f7e1a5c213624927b63b599efd0c70bed16d0becd4a349099d344dd8ad07ac5289e29465c5c5294a529570a5294a5c230a52958d9670346ca26a85fd3ab852f60b80b7f65cdb1dd99bb1b1b1be1463e2e4251fa224c9a695fe9d40dbf44e189c25d4bd1690da313ccf0b9ae2f95132d1742621b43ea9db3e850f40d0f736fd8f07a6291217436dc41f79d19beb676da2e8f7c758a5294bc6e28df10b92e0994bc051b2947085350a0d906fa1b349cfc31a56dff00477b15651ba86e3c98c9c1acc2687ad89889d13a874a13d1301455fa40da1afa0954acd3f0b6ca6cf7f2d4e3a2f059b131e99a7d8f9fa06f635a8dd5d1e15a3634af42efd8ab5821ad6294631970f8529714a36529714a52e28994b9a518a5ad23b641e53d73434b6efe86bf63ec0cca52eca34de2e57ef8511c627d17b45be91bfb13d6ff00e85a7ab8bf82affb7fa7bf997c284f0b4c4d9763d4fa826761abbdb145e92ec4882d4354fd3a82be6056298a45bd21a7123fe1b7422e10ca5c3677c2c295151a296945f5688f0cbd15824dff004d8b63c366c6e946e94b9be6d15b16c6517fe8bbbe9e8727f511b59f62bdb1777f152f175cae165becba885d9670566b1fa62c9761a7fd06d8d09fd0c4ca36529465c1314f5a4a8f297612240889b6f62121d4415146c6f45585591b294b82746e1b0aea7fa113540d834de871f635b1b0e8a52978a79875e24fbd7ea09af5f714123be9bfb1b646dbb62eaafaa336cdff0080a3e3708fe08a2ee90649ff0040a8f52a34218cd699eb14a3651b28d8d8d92d09737d0c73627a50a6505505bd09970a52f0b86ca5362d0d62746da4ff0063cddf838afb1e3b0c366f952970b6348445e07841d7fb1bdde8d211895fd1083fa8c4adfa6352dfd0437746fe67b10faf12cd28fb375690abd27e87b1ac51b2e1e8a528d9d744f775694132419d69f4e86d6294a5cd294a5d9b26caf5594582f6a0f0c637ef06cbca94a52944e0d971ef85cb21b066d7f424bb648c9d0f43aade165b4d14863df39f269bc2e0b08b9d58850d906c409989189d294a52e294a363e8744bd958f1946acb3efd6909ea9594a5294a5d0e1a14d42fe8ecaa61f9b7e8476c33a83a1b28de85cae6978dc378b8b9a378a12dbafc196c5fa2beae4f4b75eb63bfd437e462f848985847bca13d8d4c2176761cbe9590b2710f6a3435e82e86f85294b863628dd37ecdd90d19459ac94a5d970e094bb2e968b4943e1219e953b76d8e6519478bcaf1b8b9a518b17852e13217f41b76aa2a680b775d8b2b6dbfb1ee6fb7fe05e16113822e1084d8f4c38fb62cec4bd9fc011c9b4515c32e28f371e86c16d3ec5de144a7f061bd94a5f63677a8bfa22755c2ff00fb03836bbfa760f80297146f14a56528f172f34bc138529792d04a69d154ba1b37bff00bc3787a10ca214d9bcd90a6f3fa13374cd0fdbbe85d146c65c52f0f42263dde3b1a286d1ece8813b68490ca88b5b76ff4f701dec3df0a51958de1343fbe0b14bce105e0bc6fcc5e4bcd669d8713136428748347a046bbb229f6345b13cdccc33d13b448ca36c9aa9d8da43705edc27d96a0fee84dbcfe31dee358f0310facdc3c7a1e562f0a5c52f34585c51b297c7bff000a847ac2630f616fbe9bfa1b17d09bb4eb422ee8c8f6d0aa994d769efa5d76257d323081b2c43f62aa334642185544025fd1e763a747cd03f66c63d0c5294a286378a5cd28d8b146ca5294b9a52f0b8a5e3b27c77f15650b0b161b8eeacf624924ba46e3d1d84c48146fb1eb4d8b42b5d0942fbc5f68922f61fa1497e31b73a651573906dd8be9b18fb63a1e0a5de8a5fa378a529fdc529478b8be39984e1310849fe329728452e3d064da4668aaf62a26342b111049a43da2d38cd45a4e4951f8cd1cb829e86e52f0df0bc3bc4c42108421084cc27a21344210842109923084f9344ca2f333b2ae8fee1732e2baa58aeda14da77b2a74df61082d1ad898b8a51bc4ff00a59d0fd1be33108426666108420d1085668421084c9084210842108420cf67f3e06b179cc4f3bc7f31ec59f443415b2723429a542b45f821d7a080d120b6219614f452e06755b5a2cfdc7c2e63e0261308c842108c8427086c8fe88c9f84651a10851592112ec4868e8796cd13f151bafe55c688b1ef93f4ec8da055bc687a51f636a8e3744aa0a85de2e161b42d2bd0c0cfe90f2b1bf46a5c7f0d8842448424c42b242b0a28ae0e48222222210d10d0d944fdf3728a2bc6cd8af0f7e2bae1e8ddf8fa29712f1465b291bec6a3f41ab96afd0e6a362a40d11bf4390ba3b56846c98d208517d8a27309fb2f631badd28d8d94b84cd8d0464844444468d1a3468a88c4d3d0d73d170b2ca1b178314af926610825337c909e1eb78e85c179af32f5ad3fb422d367ee2e9bc482cd68877a0c23fe0d0ea9fe8d22bd3e8686ba12298fe8705d5d31b5bdbd23aa89748ab18b87c5f64a44919ad8dcb2d0d8ac48aca3cbc6f308421083442108426209621083ca7c6e1f1a5c2df3e8efe22e282078bb10eabb36545b1b31bbd8fdcc8af68655ea3f102aee4cb0676631f6316e1f2b0a28988842106323364109521084c90842708344261c345294722b2e8acd9bc3c52f245e3054fee29de5fc9423f07d875ecb4a6cb062b4c51d8c43dfb1bbb186ee6f8933be1fa2061accc25b16b852e6978d294a57c28d8e885a58de35f02949510ebe05e0b92ca11db3509e1b58631b28df26b821227078c4f4528d9d0988412171a52f0a5294a5cde0c6b625f1d7431fc0bc1725942626e0907a8dd106cb99c52cc20970833b0bae0c6884273bf0e63d7c6d1ebe05c5f15c2c2c313c38365e0e6213c289962ec5d7284232132c7e49f356c84cd294aef0be291f9689e28988365cc2719ca108764445e8685d8ba1e213c2c8427c3bf0d1265f82e2f8177cfac5cd294a5cd1bc2cbe2f0b8a5c58bb175c114b8a5e7ecf7f06fc1d1082f0d2f9172bf03a1bcbe4b10985c589c66cb43e5785e4c7e470a2f9cbf4ef2b0f08a52f0587e1a2795e09e4a51f2a3785862e6ce99d305caf8378621a2210d481fe388451594ace9ce139ff0072b0df821d61fc06f433af36b14a5f02f0420d0fb1b427c074f62ec41f93a79b599964f14e08689c69d8b3ec7e0a5346be02e1d8f05b14a3e87d9d07e5d158ca52e0f1af136b8cc52f853f5c28fe04a4210f4444cb213e1de373eb83c2ef2c7d9d07d0bcab853a0d793a71f5f01bf85bc5ff00048f58a37f43c7b165f783e8f58bc35f24dacbf808f5e05d71f67bf3d135e1a529df0be1587c18bb165f63cec885454513e1084213307882687e4ebf0b5d1b86e797de504cd883d20d43819d1759a5cae17c0bc372b9310b132932345cae34a5e7d28fc9d7c97923d17d78163fa5c2c254576531460172a189cc3fac3c7b262944fe3fe71785d65e08686b29f813c687c07e53f0ce685df29c5335c6b8521a20d608ba318fc2bf7877f198ca74cbc17431e578294a5f811b63f82b0c7c2138ac2ec4ac92c83c8474fb884e65f7c271988c59985ae37c34a27a1e7a65d185d0c7959b86bc43f2761f96138de6f8a11db12a6c69109f635a10d8ec99785c266a2a2e29b365f05e2989f167b1313c362627a18f0c59a5df82e47cf7c1b3b8f9420f091084c426213c508244c360e1a66a9a6b638c4b63a109343565852bc5294a5131e6e5b85f15f1328989e1ec42e0fa179c7df8ae3ba1f59bc3b1971acdcd2a294a5e4de6b289ec6a16f613b86c70b0298bf0d10f5e1de16565e10b285878e82ebe40797da3d627267b16fcd4ab9aec8341a12fb631ec476761b1cda1fdfc44bc4f0bb175c9e4b0c42e0fa1799f210b2f3ea7af0ebe3acd1409bd31a5b6366366fe43378596b2b93c217587d885c1f42cce310f8fa3bf086b2c796e84f5e545294fef921082e346fe4768f58794e16f3a5cb7842caef8b12f0be3eb1b964cbcc10ba5e49c6efcabc2d612a4f8333eb2f82e7514a51bc2174228bbe2c5e17c7d1db85e10843d411d3929ca783d9fdf252f16f094c3f81709781762cfbcd2978210b1ec58b87d085e55d09b213c344ce9c2ce578687983f80bae0c5dfc3f58451bbc19ec5c1f850908785d7062f32e8ede2fe92e3af06cbef8dcdd8bec7c1e1382e2b109e1744b83f8feb8be73285d0863175c189f92e175c0f8bd9d1d8b8d4f63c6b8bc2cc2626172599c58b2b83f26cdf89759f5e0843784228f0bae0fa177e646b8d9191919451650984e52128a14bacfacd5c189785e6f8e0965f627f13deb84214a37c12a4cccbcac3c74265e1796c1aecc48260a28a23806c5163d63f3852972bc0f9af33f8c8a3e331393ca6219ef89e1717cdb1b2e297c309e65e55d71a5cbe15e5f1835c6138efe0dcb795e03e8f62f23c4c42109e35e35e17c17586cbc161f159795863e309f06970b928f2b2b819eb0bc28b894799f64210842109c92f0aec9c6b365c51be0baf0be2b8ce108426745f24e11bd0aed6887687f49f98dd0f82f05ad6178989e1f3f797af0be53e02e8f7e55cd6666fc0594a1d7cda16042d88c3b705e031f62e74a5fae3a1af03e4b8c211939bf1eee1783d0978e94be5be0424674df50b51d04c7bf042eb28b8a33b0be2df0dca114be0842096210842107e45e0a5e509cb7cd70ec57f51b186c7bf04216162facb1727984e37c379d2f2a5c5c52b2b2e6f2798444fa12fbc4625f64272f78842090d0d708426893c48596d064920c3746c3bf042caca786265cdc3cd2973714a51b2e2f8e9795e77c0f3733c378dc6b2d0b82c42107c94e0bb4c4907da3608654db8216570a32e582380a5294b8365e01e45295970acacd9b37f06972f14efc34be178584f2bbcd2e294bcd75c2885c1f15ca94a3e5194464651b70d09cc04210999f29221084f3be2898b88c83fdc244e6b2f9be2b942131eb845e884c68d611794e1bf2cf893c73c50842130f8c44f110c795c1ad715c1130fc3d71d130fcdbcaf04f2412e508427c45c294bc77942c3e7eb8ae0994a5c27c6f834398452951514a52e15970acb7309caf8d635e4d70be59c1ae7084121743e6d9eb31e161b13cd289e2e146ca8a5c294a56529b366cd9b366cacd94d93c2d0d13cf458a5cdf1528df0a5c6cd939b4c49908423e4f8d29a35c561e5e774499442108344f14e309e6841a21385c5e4b45c5294a523c4e51111111109c6109884f1bcbf8286893090b08677fe0f4420d73a5c52f34b842138c270842138c266222e2bbc2ef0c8412c4f05e0b0d61706fe8e86f94f24279a7284f3ac4e3384210842782661313c931084261e1705df05fe2272841a2108427342ca4421344fae709f12793fa31f25977e0af0421084f84f308423261f142eb2b9cc420d7ce9879795c8efae7ebc7afb35f655f6342491a90466d8a78f65e3784c41a1a27142f24f8b39d2f1797842cae5714a7ac6bc1d4a2ca294a6cdf17de2e178ec2f8e613084257c338bf994a31e18f5858785de18c5c278d1d47e4ec7af98d10821791f093c8fcf78bc2e0b2c44e29fde1f07c3af97b9eb2b1784e5ecbe1f5964b858a27e6689e084e0fc4d94a52f0785c8fac2e489e042eb13c4b07aca3fffd9);

-- --------------------------------------------------------

--
-- Table structure for table `matclass`
--

CREATE TABLE `matclass` (
  `id` int(11) NOT NULL,
  `id_Mat` int(11) NOT NULL,
  `id_Class` int(11) NOT NULL,
  `id_prof` int(100) NOT NULL
) ENGINE=InnoDB DEFAULT CHARSET=utf8mb4;

--
-- Dumping data for table `matclass`
--

INSERT INTO `matclass` (`id`, `id_Mat`, `id_Class`, `id_prof`) VALUES
(275418, 87, 19, 1),
(275419, 88, 19, 1),
(275420, 87, 20, 1),
(275421, 88, 20, 1),
(275422, 87, 21, 1),
(275423, 88, 21, 1),
(275424, 89, 22, 1),
(275425, 90, 22, 1),
(275426, 91, 22, 1),
(275427, 92, 23, 1),
(275428, 93, 23, 1),
(275429, 94, 23, 1),
(275430, 92, 24, 1),
(275431, 93, 24, 1),
(275432, 94, 24, 1),
(275433, 92, 25, 1),
(275434, 93, 25, 1),
(275435, 94, 25, 1),
(275436, 92, 26, 1),
(275437, 93, 26, 1),
(275438, 94, 26, 1);

-- --------------------------------------------------------

--
-- Table structure for table `matiere`
--

CREATE TABLE `matiere` (
  `id` int(11) NOT NULL,
  `nom` varchar(110) NOT NULL
) ENGINE=InnoDB DEFAULT CHARSET=utf8mb4;

--
-- Dumping data for table `matiere`
--

INSERT INTO `matiere` (`id`, `nom`) VALUES
(65, 'espagnol'),
(66, 'fr'),
(67, 'fr'),
(68, 'deee'),
(69, 'arabe'),
(70, 'arabe'),
(71, 'fr'),
(72, 'az'),
(73, 'fr'),
(74, 'def def'),
(75, 'def def'),
(76, 'dddd ffff'),
(77, 'dddd ffff'),
(78, 'cccc'),
(79, 'aaa'),
(80, 'bbbb'),
(81, 'dddd ffff'),
(82, 'aaaaaze'),
(83, 'def def'),
(84, 'AAA'),
(85, 'deee'),
(86, 'AAA'),
(87, 'arabe'),
(88, 'fr'),
(89, 'arabe'),
(90, 'fr'),
(91, 'def'),
(92, 'dddd fffff'),
(93, 'aaa'),
(94, 'ccc');

-- --------------------------------------------------------

--
-- Table structure for table `professeur`
--

CREATE TABLE `professeur` (
  `CIN` int(11) NOT NULL,
  `nom` varchar(100) NOT NULL,
  `prenom` varchar(100) NOT NULL,
  `codePostal` int(11) NOT NULL,
  `villeN` varchar(100) NOT NULL,
  `mail` varchar(100) NOT NULL,
  `tel` int(11) NOT NULL,
  `dateN` date NOT NULL,
  `anneeS` date NOT NULL,
  `adresse` varchar(100) NOT NULL,
  `sexe` varchar(100) NOT NULL,
  `image` longblob NOT NULL
) ENGINE=InnoDB DEFAULT CHARSET=utf8mb4;

--
-- Dumping data for table `professeur`
--

INSERT INTO `professeur` (`CIN`, `nom`, `prenom`, `codePostal`, `villeN`, `mail`, `tel`, `dateN`, `anneeS`, `adresse`, `sexe`, `image`) VALUES
(1, 'aaVV ', 'aaVV  ', 12, '  aa  ', 'aaa@a.com', 123, '2020-09-01', '2020-09-16', '  aaa', '  fille  ', '');

--
-- Indexes for dumped tables
--

--
-- Indexes for table `classe`
--
ALTER TABLE `classe`
  ADD PRIMARY KEY (`id`);

--
-- Indexes for table `etudiant`
--
ALTER TABLE `etudiant`
  ADD PRIMARY KEY (`CIN`),
  ADD KEY `classe` (`classe`);

--
-- Indexes for table `matclass`
--
ALTER TABLE `matclass`
  ADD PRIMARY KEY (`id`),
  ADD KEY `id_Mat` (`id_Mat`),
  ADD KEY `id_Class` (`id_Class`),
  ADD KEY `id_prof` (`id_prof`);

--
-- Indexes for table `matiere`
--
ALTER TABLE `matiere`
  ADD PRIMARY KEY (`id`),
  ADD KEY `id` (`id`);

--
-- Indexes for table `professeur`
--
ALTER TABLE `professeur`
  ADD PRIMARY KEY (`CIN`);

--
-- AUTO_INCREMENT for dumped tables
--

--
-- AUTO_INCREMENT for table `classe`
--
ALTER TABLE `classe`
  MODIFY `id` int(11) NOT NULL AUTO_INCREMENT, AUTO_INCREMENT=27;

--
-- AUTO_INCREMENT for table `matclass`
--
ALTER TABLE `matclass`
  MODIFY `id` int(11) NOT NULL AUTO_INCREMENT, AUTO_INCREMENT=275439;

--
-- AUTO_INCREMENT for table `matiere`
--
ALTER TABLE `matiere`
  MODIFY `id` int(11) NOT NULL AUTO_INCREMENT, AUTO_INCREMENT=95;

--
-- AUTO_INCREMENT for table `professeur`
--
ALTER TABLE `professeur`
  MODIFY `CIN` int(11) NOT NULL AUTO_INCREMENT, AUTO_INCREMENT=2;

--
-- Constraints for dumped tables
--

--
-- Constraints for table `etudiant`
--
ALTER TABLE `etudiant`
  ADD CONSTRAINT `etudiant_ibfk_1` FOREIGN KEY (`classe`) REFERENCES `classe` (`id`) ON DELETE CASCADE ON UPDATE CASCADE;

--
-- Constraints for table `matclass`
--
ALTER TABLE `matclass`
  ADD CONSTRAINT `matclass_ibfk_2` FOREIGN KEY (`id_Mat`) REFERENCES `matiere` (`id`) ON DELETE CASCADE ON UPDATE CASCADE,
  ADD CONSTRAINT `matclass_ibfk_3` FOREIGN KEY (`id_Class`) REFERENCES `classe` (`id`) ON DELETE CASCADE ON UPDATE CASCADE,
  ADD CONSTRAINT `matclass_ibfk_4` FOREIGN KEY (`id_prof`) REFERENCES `professeur` (`CIN`) ON DELETE CASCADE ON UPDATE CASCADE;

/*!40101 SET CHARACTER_SET_CLIENT=@OLD_CHARACTER_SET_CLIENT */;
/*!40101 SET CHARACTER_SET_RESULTS=@OLD_CHARACTER_SET_RESULTS */;
/*!40101 SET COLLATION_CONNECTION=@OLD_COLLATION_CONNECTION */;
